judul_lagu;nama_artis;playlist_name;url;genre_lagu;lyrics
Konservatif;The Adams;2000s Indonesian Indie;7qUkZhXym0LCTdcmwhGO3b;['indonesian alternative rock', 'indonesian indie', 'indonesian indie rock'];Siang kusaksikan engkau terduduk sendiri Dengan kostummu yang berkilau Dan angin sedang kencang-kencang berhembus Di Jakarta  Dan aku 'kan berada di teras rumahmu Saat air engkau suguhkan ...
Cinta Melulu;Efek Rumah Kaca;2000s Indonesian Indie;1jwaf6CWAWUrbqAT5mrKrA;['indonesian alternative rock', 'indonesian indie', 'indonesian indie rock'];Nada-nada yang minor Lagu perselingkuhan Atas nama pasar semuanya begitu klise  Elegi patah hati Ode pengusir rindu Atas nama pasar semuanya begitu banal  Oh-oh Lagu cinta melulu ...
Waiting;The Adams;2000s Indonesian Indie;6aw5G0HhAmyqM2OlqjTjOb;['indonesian alternative rock', 'indonesian indie', 'indonesian indie rock'];Waiting... Waiting for you tonight I'm dreaming you are here with me tonight  Someday... I will be by your side Together we climb mountain across the sea  Believe in me that you want it too You never let somebody closed to you Just promise me that you never let me down None of this is gonna last forever  Believe in me that you want it too You never let somebody closed to you Just promise me that you never let me down Love me 'till the end of time  Waiting... I gotta closed to you Every time I see you, what you gonna do? ...
Halo Beni;The Adams;2000s Indonesian Indie;01HgNsJMMuk3Cdma45pDR0;['indonesian alternative rock', 'indonesian indie', 'indonesian indie rock'];Oh hawa, Di luar terasa sungguh menggigilkan Dan nyamuk-nyamuk banyak bertebaran Aku hanya berkata peduli setan  Oh crazy  Tenaga Bertambah hingga 12 kali lipat. Dan kantuk pun terasa sirna juga Aku siap lontarkan semua kata  Oh crazy. Oh crazy oh crazy Halo... Beni beni beni... Halo... Beni beni beni... Halo... Beni beni beni... ...
Horse;The SIGIT;2000s Indonesian Indie;5jla8fgWktggzuMfz97DuU;['indonesian alternative rock', 'indonesian indie', 'indonesian rock'];baby is a horse running out my course Papa was the first to taste Her meat was what she has  Learning by time and doing she's humming na, na, na, na, yeah, uh yeah  ...
The Supermarket I Am In;Goodnight Electric;2000s Indonesian Indie;6xhLi9pllRbiW2r7NK77mZ;['indonesian indie'];Let's get together Look for some fun We are getting absurd We're gonna play We're gonna run I just don't like mustard  This glorious day we have no rules We're only stealing colors We are the one who can share all the love In the supermarket  Coca cola, drugstore We are dancing on the floor Making out behind the door ...
No Fruits For Today;Sore;2000s Indonesian Indie;7AF6CWylAEIVyaIYCxe8o9;['indonesian folk pop', 'indonesian indie', 'indonesian indie pop'];Slowly down the avenue And the irony of liking you What was to be some brand new shoes Now them colour has come out pure blue  I'd love to love the sunshine thru But love in doubt will not have two ...
Setengah Lima;Sore;2000s Indonesian Indie;1feOaXwpdAtKphBT1uXxoU;['indonesian folk pop', 'indonesian indie', 'indonesian indie pop'];"Suara Bisikan ""hai"" menjalar Mengikis bunga layu sampai aku Akhirnya merasakan  Mati suri di taman Mati suri di taman Mati suri di taman Mati suri di taman  Luapan ..."
I've Got Johnny in My Head;Teenage Death Star;2000s Indonesian Indie;5QPa0rmNEhWGjOChRu5EYS;['indonesian indie', 'indonesian punk', 'indonesian rock'];I've got Johnny in my head (Johnny in my head) When I'm feeling so bad (feelings so bad) I've got Johnny in my head (Johnny in my head) When I'm feelings so sad (feeling so sad)  I've got Johnny in my head (Johnny in my head) When I'm feeling so sad (feelings so sad) Woooooh  Johnny, Johnny, Johnny, Johnny Johnny, Johnny, Johnny, Johnny Johnny, come on  Oooh ...
All That Glitters Are Not Gold;Teenage Death Star;2000s Indonesian Indie;5919teajynq4f982xqEsRE;['indonesian indie', 'indonesian punk', 'indonesian rock'];I want it now And you can show me And you can show me on Everything you've got  I want it now And you can call me And you can call me on Everything you've got is so bright Woo  ...
Skeptikal;Seringai;2000s Indonesian Indie;3TzgYy0KuzvMhjfcuAdepO;['bali indie', 'indonesian hardcore', 'indonesian indie'];Aku lelah dengar ocehmu, aku lelah telan janjimu Aku akan hapuskan senyum itu di wajahmu  Kini aku mengerti, mengapa kami marah dengan dunia ini Kini aku mengrti, tak mungkin terulang lagi! Kini sikapku skeptikal. ...
Fallen Japanese;Sajama Cut;2000s Indonesian Indie;2b5zeSMZrwA9ygkrG5Kc5E;['indonesian indie'];Because the Japanese, would've known better Than to throw this love away And it seemed like the work of gods yesterday Because the Japanese saw shadows Of men lying in the dark And they seemed like the wrath of ghosts' fate at night Because the Japanese unlike the latter Chose to say we'll find a way ...
Sebelah Mata;Efek Rumah Kaca;2000s Indonesian Indie;3M0RfjqAJZ1f6qXJkP1Uej;['indonesian alternative rock', 'indonesian indie', 'indonesian indie rock'];Sebelah mataku yang mampu melihat Bercak adalah sebuah warna-warna mempesona Membaur suara, dibawanya kegetiran Begitu asing terdengar  Sebelah mataku yang mempelajari Gelombang 'kan mengisi seluruh ruang tubuhku Terbentuk dari sel aku Dan tiap tetes adalah sebuah proses yang alami  Tapi sebelah mataku yang lain menyadari ...
Pulang;Float;2000s Indonesian Indie;5Ge3e6dV4wsae8lDQQq8PY;['indonesian folk', 'indonesian indie'];Dan lalu Rasa itu tak mungkin lagi kini Tersimpan di hati Bawa aku pulang, rindu Bersamamu  Dan lalu Air mata tak mungkin lagi kini Bicara tentang rasa Bawa aku pulang, rindu Segera ...
Live in New York;The SIGIT;2000s Indonesian Indie;0rLVhCeZKcZJsdD6KkQ9Rx;['indonesian alternative rock', 'indonesian indie', 'indonesian rock'];You got me lying On the ground But if you find me Don't mess me round Get girls left and right Gonna sleep all day And drink all night Get my cash get my career You want my money don't get near dear Bite the fingers no I don't care This is my sweet revenge  Or maybe we could go for ride You got me tired till the sun go down ...
Polypanic Rooms;Polyester Embassy;2000s Indonesian Indie;1KER62no0SGNgvsnnpAb7M;['indonesian indie', 'indonesian neo-psychedelia', 'indonesian shoegaze'];Help me out just get me out of here Is anybody outside help some stranger here Pull me up I'm gonna die in here Can anybody out there want be my square Help me out just get me out of here Is anybody outside help some stranger here Pull me up I'm gonna die in here ...
Wanderlust;Santamonica;2000s Indonesian Indie;1uNcofY1jJhxUNrrJUGJ2Y;['indonesian indie'];A ride in my car Gleam of the eyes He smiled at me Tried not to care A ride in my car Smiling, crooked teeth He's so unreal Wandered in doubt Look. ...
Pria Idaman Wanita;The Changcuters;2000s Indonesian Indie;6DsIkdx9T11UFbQHeoRbrn;['indonesian blues', 'indonesian indie', 'indonesian pop', 'indonesian pop rock'];Bukan kita kepedean Tapi fakta membuktikan Kita tampan dan rupawan Jadi elo jangan pada heran Kalo kita cowok idola Idaman wanita  Gaya kita selalu terdepan Dan juga jadi panutan Tapi tetap tidak lupa teman Because friendship is number one ...
Di Udara;Efek Rumah Kaca;2000s Indonesian Indie;53obrFXV7Kfog0r9skoKj2;['indonesian alternative rock', 'indonesian indie', 'indonesian indie rock'];Aku sering diancam juga teror mencekam Kerap ku disingkirkan sampai dimana kapan  Ku bisa tenggelam di lautan Aku bisa diracun di udara Aku bisa terbunuh di trotoar jalan tapi aku tak pernah mati Tak akan berhenti  ...
Hanya Kau;The Adams;2000s Indonesian Indie;3UfR1fCPSLK4AXyl5QtKqN;['indonesian alternative rock', 'indonesian indie', 'indonesian indie rock'];'Ku berjalan tiada henti 'Tuk memastikan diri Mencari apa yang terbaik Di dalam hati ini  Tak peduli yang telah terjadi Tak pedulikan lagi Tanpa segala rasa ragu Di dalam hati ini  Hanya kau yang bisa Memastikan semua ...
Strange Is the Song in Our Conversation;Monkey to Millionaire;2000s Indonesian Indie;10s8XK7vzEIfDP1fSIVzst;['indonesian indie'];"Walkin' on the edge of an empty pool We were talking 'bout somethin' That we saw it was cool We lower down our voices, we're holdin' our laughs Coz' the moon's standin' there without a noise  You're asking 'bout a boyfriend and girlfriend things Into our late night conversations You sounded like, you're so interested So I feel like I wanna share it with you  After few hours of the conversations You told me, you only sleep When there's someone singin' So I sing to you the song called ""Strange"" Then I heard no more words comin' out from you I heard no more words comin' out from you  (Uh-uh-uh, uh-uh-uh, uh-uh) Oh, ""Strange"" is the song in our conversations (Uh-uh-uh, uh-uh-uh, uh-uh) Oh, ""Strange"" is the song in our conversations  Couple of stories has already been told And few things about you has already been sold You're sound so quite, so I whisper to you ""Well, I guess that you have found your own world, yeah""  Couple of your stories has already been told ..."
Desember;Efek Rumah Kaca;2000s Indonesian Indie;0yyRL7Rxr4oJ6uI7DYe2OT;['indonesian alternative rock', 'indonesian indie', 'indonesian indie rock'];S'lalu ada yang bernyanyi dan berelegi Di balik awan hitam S'moga ada yang menerangi sisi gelap ini Menanti seperti p'langi Setia menunggu hujan reda  Aku selalu suka Sehabis hujan di bulan Desember Di bulan Desember  S'lalu ada yang bernyanyi dan berelegi ...
Senandung Maaf;White Shoes & The Couples Company;2000s Indonesian Indie;0dYebrX5uGJ5waQ2DmKcga;['indonesian indie', 'indonesian indie pop', 'indonesian psychedelia'];Senandungkan lagu ini Atas rindu di hati Berlutut di lantai bumi Bersedih, menyepi Toreh kisah, senandung kasih Maafkan, Tuan, aku berjanji  Tak mau menuai murka Untukmu, oh, kawan Berbisik di dalam hati Kumohon, maafkan  Berbagi peluh menuju cita Daku membasuh keringat duka  Du-du-du-du Du-du-du Du-du-du-du Du-du-du  ...
Matraman;The Upstairs;2000s Indonesian Indie;6mvnlHczAMdRctsgfbA4tY;['indonesian indie', 'indonesian post-punk'];Demi trotoar dan debu yang berterbangan Ku bersumpah Demi celurit, mistar dan batu terbang pelajar Ku ungkapkan  Atas nama orang-orang Berdatangan ke utara Kau kan ku jelang  ...
Amatir;The Upstairs;2000s Indonesian Indie;35dEJRoA7xbHI3enW7vIzD;['indonesian indie', 'indonesian post-punk'];Aroma kian semerbak Kurasa dia mendekat Kaki yang panjang berbalut bootcut Lihat dia berjalan Yang girang, senang Matanya menghujam  Kata meluncur deras Memb'lah dua fikiran Tidur di malam tiada nyenyak Paginya kelelahan Dan esok terulang Pada hari-hari yang 'kan datang  ...
Somos Libres;Sore;2000s Indonesian Indie;3sB9XDwKKVWTAwZiBYGee1;['indonesian folk pop', 'indonesian indie', 'indonesian indie pop'];Semua bisa bilang tak ada nafsu belaka Tak ada yang meragukan gilanya semata  Siapa pun merasa Nikmat yang kurasa Yang ada  Selagi kita berjuang meraih bahaya (pero) ...
Interval;Goodnight Electric;2000s Indonesian Indie;4f2VlNJQIp5jABQUFsLXCz;['indonesian indie'];If you want to say goodbye I'll keep my balance in waterfall If you want to set us free I'll keep the music in my car  If you want it (if you want it) If you want it If you need it (need it) If you need it Lets walk and through it And if you need it (need it) If you need it  If you want me to expel I'll be your lullaby tonight If you wanna leave me behind ...
I'm OK;Goodnight Electric;2000s Indonesian Indie;69xEITRbwTnRYEBGTdy3Kp;['indonesian indie'];Oh it's the time my baby For settling down and put our make up I think it's the right time We've been through all the rush hour  Oh it's our time my baby, we Set a moment to A query of not letting us down Just keep our promises and No saying goodbye  Just take some time for us To wake up and hanging about And keep our promises and ...
Laser Gun Electro Boy;Goodnight Electric;2000s Indonesian Indie;7iotoEHOJphMKxSJAS71Sy;['indonesian indie'];Electro boy electro boy With laser gun electro boy Electro boy don't you know I didn't do nothing electro boy  I was alone in my dark room And no one knows o electro boy Electro boy electro boy With laser gun and I was alone  Thinking of her all night long With the saddest song I only cry and felt so wrong When everything was gone  Was gone (was gone) Was gone (was gone) Was gone (was gone) O help me electro boy  ...
Am I Robot?;Goodnight Electric;2000s Indonesian Indie;3MMb2rRPEro62CcMrnGwhF;['indonesian indie'];Are you a robot? Hmm So tell me, who are you?  Everyday I swore to you To make it happen, it is true To be the light To see the love It's more than just Like we both do  At the first time you and I Broke the cage you let me trough You gave it all And so I did And till I fall You said that  You are robot Not a human Or you are robot Act like human ...
Psychic Girl;Goodnight Electric;2000s Indonesian Indie;1bkO8Q7QcKXAsVYNsiAP0Z;['indonesian indie'];Kikaida Kamen Rider Inazuman Ultraman Nothing in this world able to conquer me  I'm a psychic girl I'm so beautiful Gonna lose the world I'm a psychic girl  Voltus five ...
I've Got Johnny in My Head;Teenage Death Star;2000s Indonesian Indie;5QPa0rmNEhWGjOChRu5EYS;['indonesian indie', 'indonesian punk', 'indonesian rock'];I've got Johnny in my head (Johnny in my head) When I'm feeling so bad (feelings so bad) I've got Johnny in my head (Johnny in my head) When I'm feelings so sad (feeling so sad)  I've got Johnny in my head (Johnny in my head) When I'm feeling so sad (feelings so sad) Woooooh  Johnny, Johnny, Johnny, Johnny Johnny, Johnny, Johnny, Johnny Johnny, come on  Oooh ...
Soul Sister;The SIGIT;2000s Indonesian Indie;2XfQR37b2P3rzqssXipMT7;['indonesian alternative rock', 'indonesian indie', 'indonesian rock'];Soul sister chilling in the street Around her midnight chase With her high heel shoe And her pale bold make up face  Soul sister working late Making money, have some fun yeah... She's like a walking time bomb blues In this sin city  Dunno what to do When she's sitting there alone with you Dunno what is she ...
Clove Doper;The SIGIT;2000s Indonesian Indie;20IYXkVlVgs5bSwAiJ043Z;['indonesian alternative rock', 'indonesian indie', 'indonesian rock'];There's a man with a friendly plea Who drinks cofee rather than tea I've been listening to his prophercy And I don't need another  He smokes super fine clove cigarette  There's a man fight for demand where I could never win a game My fist to protect, my hugs to attack How could you tell me who's to blame?  World is full of amateurs They're acting like a pro If I could talk like a holy man Can I be the cannonist too?  ...
Pop Kinetik;rumahsakit;2000s Indonesian Indie;5g2V3uYWkLJJYFDPsny0La;['indonesian indie', 'math rock'];Bunuh, bunuhlah aku Kalau kau bisa Silahkan saja  Serang, hantamlah saja Datang padaku Andai kau tahu  Akhirnya Baru kau mengerti Kalau ku bukan manusia biasa  ...
Bedroom Avenue;Goodnight Electric;2000s Indonesian Indie;3vKDuAMsNA44KU3ZkBImnr;['indonesian indie'];Your eyes, your lips You whisper to the air Night is gone Stars are falling down I kiss you so gently You smile for a while ...
Mata Berdebu;Sore;2000s Indonesian Indie;0ffIV3en4DBNZUlPXQQrRH;['indonesian folk pop', 'indonesian indie', 'indonesian indie pop'];Tak kupelajari di mana Pelangi itu Di antara kabut kucari Jemari itu  Dan aku tak bisa melangkah Di antara musafirnya  Sabar 'ku mendaki pusaran Puncak hatimu Kesan yang terjadi di ladang Lara batinku ...
A.S.T.U.R.O.B.O.T.;Goodnight Electric;2000s Indonesian Indie;24UFVDdCcKNnP5EUp7v150;['indonesian indie'];Oh you're so cool Everything's so similar Now that I knew You're the one it's in the tube  Go! Don't be scared I will catch and drive you someday We will be together Gonna make a million lies Yeah as you know it It's beautiful to make them happy  Please drink no more I'll treat you right and say goodnight How it could be real Let me know and let me be ...
Mosque of Love;The Adams;2000s Indonesian Indie;0nkkIeiXvTx0cueKFmRPV0;['indonesian alternative rock', 'indonesian indie', 'indonesian indie rock'];Sitting here in the mosque  Drawing with a bore Suddenly you come along  You call my name like a song Oh, I'm falling to the ground  I like the way you laughing  ...
Won't Be Easy;The Adams;2000s Indonesian Indie;5lL9tRMXK6HNDiHe8MlSzQ;['indonesian alternative rock', 'indonesian indie', 'indonesian indie rock'];I'm waiting for the world to change But everything just stays the same And nothing ever turns out right No matter how much I've tried Feels like time isn't on my side That's right  (Remember what your parents said) Dad would say that life is hard ...
Less Afraid;Sajama Cut;2000s Indonesian Indie;3e88hGhAYY2aBh3YAhlyCz;['indonesian indie'];It was the skies It was her scent and her life You could catch me of fall down  I guess it's been A little while since I've slept But I've dreamt you going down  Mistakes are made from the moment we met Mistakes are made to last Mistakes are met but are never acquired Pastiches, La mere â€“ pisstakes are made  ...
Ode Buat Kota;Bangkutaman;2000s Indonesian Indie;2jkubtUODXk1fbYFx4z9US;['indonesian folk', 'indonesian indie', 'yogyakarta indie'];Na-na-na, na-na-na-na-na, na-na-na-na-na, na-na-na-na-na Na-na-na, na-na-na-na-na, na-na-na-na-na, na-na-na-na-na-na Na-na-na, na-na-na-na-na, na-na-na-na-na, na-na-na-na-na  'Tuk suara bising di tiap jalan 'Tuk suara kaki yang berlalu-lalang 'Tuk suara sirene raja jalanan 'Tuk suara sumbang yang terus berdentang  Na-na-na, na-na-na-na-na, na-na-na-na-na, na-na-na-na-na-na Na-na-na, na-na-na-na-na, na-na-na-na-na, na-na-na-na-na  Di sinilah aku dibesarkan Di hamparan sungai yang kian hitam Di ujung jalan sempit yang terus tergenang ...
Anomali;rumahsakit;2000s Indonesian Indie;5ee10HJXnAC6G5gEQSoxFw;['indonesian indie', 'math rock'];Tak terlihat Dia kasat Dan raut wajahnya sangat pucat Sungguh heran Bukan setan Dan dia bukan dewi kahyangan Apalagi Dini hari Selalu datang dalam mimpiku  Ternyata... Dia... Gadis...  (Uuu...) Yang bermata hitam kelam berbinar (Uuu...) Dan bersayap anomali  ...
Utopia;Homogenic;2000s Indonesian Indie;5ANm4ELEu0aTWHiDp2Ve1O;['indonesian indie'];Kulihat dunia berputar lagi Warna warni terindah menyinari bumi  Nananaa kujelang hari, kujelang mimpi ...
Gosip;Agrikulture;2000s Indonesian Indie;0FT5K5fwfpVM82ABe3m7WC;['indonesian indie'];Mulut bungkam aib terungkap Pasang senyum tapi kau muak Bertingkah bagai malaikat Tapi nekat  Mau tau, tau kau mau Tak seharusnya kau tau Tanpa malu terus kau buru Berita baru, makin seru  Gosip Gosip  Mulut bungkam aib terungkap (Gosip) Pasang senyum tapi kau muak (Gosip) Bertingkah bagai malaikat Tapi nekat  Mau tau, tau kau mau (Gosip) Tak seharusnya kau tau (Gosip) Tanpa malu terus kau buru Berita baru, makin seru  ...
Kaktus;The Sastro;2000s Indonesian Indie;7gBBJDf4sZZnWAjN7VHb0S;['indonesian indie', 'indonesian indie rock'];Tempat kenangan tercipta Dari baris senja terkunci Tiba di kota yg sama Berbicara terpaku tak terdengar suara Berat nafasku terikat, Salemba menyimpan jiwa Beku rintik hujan Mengurung kenangan  Tajam tatapan matamu ...
Rasuna;The Sastro;2000s Indonesian Indie;53osj6QMqLcS0hri9bcrsz;['indonesian indie', 'indonesian indie rock'];Ku hanya berbicara sendiri Bicara dan tak kembali Menebar racun dihati Masihkah tersesat dalam tawa Kemana angin menerpa? Terhempas menjelang kau tiba  Tak dapat selalu Bersama sesaknya caramu Jawablah karena ku tak tahu Siapakah bayang dirimu  Biarkan diriku mencoba Berjalan melintas dunia Bebaskan mulutmu bicara Biarkanlah kita berjumpa  Biarkanlah ku menunggu Tibanya senyum sesakmu ...
Elora;Pure Saturday;2000s Indonesian Indie;0DMbwy5deHkhbYwnC3FUv6;['indonesian indie'];Tiada lagi yang kuinginkan Lebih dari yang kau berikan Tak pernah terhenti Seakan datang tanpa kuminta Selalu ada saatku butuhkan  Apa gerangan yang terlihat ...
Kosong;Pure Saturday;2000s Indonesian Indie;0bwy5RyhiWUVMXRt4MOVFA;['indonesian indie'];Coba untuk ulangi Apa yang terjadi Harap 'kan datang lagi Semua yang pernah terlalui  Bersama alam menempuh malam Walau tak pernah ada kesempatan Terjebak dalam jerat mengikat Namun tekad nyatakan bebas  Temukan diri di dalam dunia Tak terkira Semua mati dan menghilang ...
Lari 100;The Sastro;2000s Indonesian Indie;73X5FjXQtQHPCnZGc8UJxd;['indonesian indie', 'indonesian indie rock'];Lari 100 di kota ini Lepaskan diri hindari waktu Lari 100 di sore ini Larikan diri dari nafsu  Lari 100 menembus waktu Memutar jalan kehidupanku Diam sembunyi di senja biru Takkan peduli kala sesuatu  Satukan langkah, diami masa ...
Memento Mori;Everybody Loves Irene;2000s Indonesian Indie;4h1V3EVBYFin06loiFlWfK;['indonesian shoegaze'];What can you do if life turns into blue? There's nothing you can do Oh yes, it's true  You just sit along with alcohol Bugs in the head flew like waterfall Sleep along under the night birds' song Dream and dream but everything just come and go ...
Pergi Tanpa Pesan;Sore;2000s Indonesian Indie;0T7L8DpNVxmWxuZLe1z6Ei;['indonesian folk pop', 'indonesian indie', 'indonesian indie pop'];Jauh perjalanan Mencari intan pujaan Aduhai Di mana puan? Mengapa pergi Tanpa pamitan?  Lembah kuturuni Bukit nan tinggi kudaki Aduhai Tak kunjung jumpa Mengapa hilang ...
Kau Di Sana;The Adams;2000s Indonesian Indie;1MOaMLSFFacwMlt4hjB5Bj;['indonesian alternative rock', 'indonesian indie', 'indonesian indie rock'];Hei, di manakah engkau gerangan? Tiada kabar berita Kucari engkau, ku gelisah Ya, ya, ya, ya  Oh, tadi kau keluar rumah Dan tidak bersama teman Khawatir nanti di jalan Karena baru kusaksikan ...
Rules and Policy;Monkey to Millionaire;2000s Indonesian Indie;0pJAkqb1ZHCdxohhD7M5w8;['indonesian indie'];Sorry we can't do this So sorry we can't do that Who make these rules and these policies? Are they so good, are they so great? Thank you, thank you for making these life feel so grounded  We do such thing, but they tell us not to We can do something, but they tell us not to We can do something, but they said is nothing Oh well what would we do? We can do something, but they said is nothing Oh well what would we do?  Go to school, go to college And get yourself a real job ...
(Ouch) Mighty Love;Zeke And The Popo;2000s Indonesian Indie;6fKHg8pucl8ZFj07NVEBvk;['indonesian experimental', 'indonesian indie', 'indonesian indie rock'];Drop a penny throw a stone I guess its time to let love And throw your anesthetic piece of heart You built for long Smack my face and you will see This piece will never be free Oh please somebody Connect me back into reality  This mighty love Strictly from the bottom Simply from the head This mighty love Strictly from the bottom Simply from the head ...
Stupido Ritmo;Float;2000s Indonesian Indie;1302mD5P6umwxC24IRg89e;['indonesian folk', 'indonesian indie'];You and I painting rainbows When no rain falls on our wall Smelling raindrops on a hilltop as they fall  You and I laughing loudly With no reasons in our walk Chasing sunsets, dancing minuet in the dark  Why don't we just disappear If that could keep us here?  You and I sharing snow fall And the beach sand in our thoughts ...
Suara Hati;Superglad;2000s Indonesian Indie;0mmUN4kjWJXOooG779159R;['indonesian indie', 'indonesian punk', 'indonesian rock'];Jika hati ini bicara Mungkinkah terungkap semua rasa marah yang tersisa? Dan jika hati ini terluka Mungkinkah tersenyum walau asa ini tersiksa?  Untuk semua rasa cinta Pernahkah kita saling mengalah? Untuk semua rasa benci Pernahkah kita saling memiliki?  Jika hati ini bicara Mungkinkah terdengar semua rasa rindu yang ada? Dan jika hati ini bertanya ...
Zsa Zsa Zsu;Rock N Roll Mafia;2000s Indonesian Indie;2243TCbg4yVQmWyS98rAUw;['indonesian indie'];a bloody gorgeous man pours bloody mary into my glass he asked me a couple questions of courtesy and for god's sake he stunned me his voice so sweet like the mellow sound of saxophone I bet he's good at sex on the phone ...
Spoken;Pure Saturday;2000s Indonesian Indie;208KDxFGSAbH5ZYA1ktBuk;['indonesian indie'];If the sunset is high above Calling us to catch the light up The heat of our heart, warms like the weather So we keep walking hand in hand Grass in front of us Won't barry the road we passed like before Wind blowin' softly Caressing our empty heart So we'll never be lonely anymore ...
Ribbons and Tie;Santamonica;2000s Indonesian Indie;6cX2vLd8kzTXkWUp7MUT8B;['indonesian indie'];All the pink ribbons red ties and blue lashes Perfect reflection thin smile and sweet braces Call the frackled faces dye and blushes caress and kisses  Oohhhhh rain will come Oohhhhh rain will come  Steal glance at rainbows Old fairies on green leaves Dance on assumption red cheeks and fair graces shall I ask for bonbon laid in boxes send me some blesses  Oohhhhh rain will come Oohhhhh rain will come ...
Pagi;Pure Saturday;2000s Indonesian Indie;2FYRtyAb3jD2izuca77fXU;['indonesian indie'];Kutahu tempat yang kutuju Semua cerita bertemu Berganti nyanyian pagi Sejukkan hati, bekukan waktu  Semua yang kucari Berganti nyanyian pagi Tangisan dan tawanya Sejukkan hati, bekukan waktu  Di sini kuberdiri Di sini kuhadapi Tak ingin semua berlalu Pancaran tak berujung  ...
Untukmu, Duniaku;Homogenic;2000s Indonesian Indie;17Azu6Fm3iZwWY2FaQG90r;['indonesian indie'];Setulus hatiku semua kuberi Kepadamu yang s'lalu di sini Sejak lama hadirmu t'lah kunanti Kurindukan engkau di sini  Bersamamu Jelajahi duniaku Takkan ragu Bila kugenggam tanganmu  Bersamamu Ingin kukenang hariku ...
Aku Cinta J.A.K.A.R.T.A;C'mon Lennon;2000s Indonesian Indie;5fFgx8X3SjZ4boxGu0vxeY;['indonesian indie rock'];Aku cinta J-A-K-A-R-T-A Aku cinta J-A-K-A-R-T-A Aku cinta J-A-K-A-R-T-A Aku cinta J-A-K-A-R-T-A  Aku cinta J-A-K-A-R-T-A Aku cinta J-A-K-A-R-T-A Aku cinta J-A-K-A-R-T-A Aku cinta J-A-K-A-R-T-A  Berdesak-desakan Penonton Jakarta Memberi dukungan ...
Ketika Setan Berteman;Superglad;2000s Indonesian Indie;1sHotEA03KQiPxmQq9eSrv;['indonesian indie', 'indonesian punk', 'indonesian rock'];Waktu, 'kan terus berjalan Walau hati tak bisa Menentukan mana yang salah  Bila, kita s'lalu merasa Kehilangan arah Dengarlah hati ini bicara  Jika kejujuran Sulit ditemukan Yang tercipta hanya dosa  Ketika setan berteman Hilang semua rasa cinta Yang kurasakan Pedih dan dendam di hati  ...
Antah Berantah;The Upstairs;2000s Indonesian Indie;69R0KnLq4qEq7cmhmS0IUf;['indonesian indie', 'indonesian post-punk'];Berwajah tirus Lengan berlubang Tanpa alas kaki Mantel penahan, dingin  Menahan kantuk Terus terjaga Luka serius ...
Apakah Aku Berada Di Mars Atau Mereka Mengundang Orang Mars;The Upstairs;2000s Indonesian Indie;5mXLQtSqPXsF06HivTaGjn;['indonesian indie', 'indonesian post-punk'];Ruang gemerlapan yang hingar bingar Namun berat kaki terhadap nada Tetapi lantai telah di hentakkan Pertunjukan tetaplah harus berjalan  Berdentum nada seiring dada Apa terhidang di lidah ku hambar Tiada bahasa telah terdengar Mampu dipahami tertangkap oleh telinga ...
Kompor Meledug;Agrikulture;2000s Indonesian Indie;1IrWazmEizd0SgFw9GWpZ8;['indonesian indie'];Woi, woi, Ujang Turun, Ujang, woi  Jakarta kebanjiran Di Bogor angin ribut Rumah ane kebakaran Gara-gara kompor m'leduk  Hati ane gemeteran Wara-wiri keserimpet Rumah ane kebanjiran Gara-gara got mampet  Ati-ati kompor meleduk Ati ane jadi dag-dig-dug (heh, jatoh duduk) Ayo, ayo bersihin got Jangan takut badan belepot ...
Satu;Superglad;2000s Indonesian Indie;3MNaZlYccMe9OikdGsZ5bB;['indonesian indie', 'indonesian punk', 'indonesian rock'];Sebelum engkau mengerti Apa arti dari semua ini Sepantasnya kau pahami Makna indah hidup ini  Waktu yang kau jalani Rasa cinta yang t'lah berhenti Sudah sepantasnya kau lakukan bila Itu semua t'lah terjadi  Satukanlah cinta kita (wo-oh) Walau hati ini lelah (wo-oh) Beranikan untuk jalani hidup (wo-oh) Dari semua perbuatan kita  Satukanlah cinta kita (wo-oh) Walau hati ini lelah (wo-oh) ...
Mosque of Love [Hidden Track];The Adams;2000s Indonesian Indie;3V4gSQ0A3Y8boeO9Xrrwey;['indonesian alternative rock', 'indonesian indie', 'indonesian indie rock'];Sitting here in the moss Drawing with a board Suddenly you come along You call my name like a song Oh, I'm falling to the ground  I like the way you're laughing Waving in my skull Have you ever sent me a song? Vertical Horizon Oh, I'm falling to the ground I'm falling to the ground  Walking down to the mosque Walking down to the mosque Waiting her after pray After pray, after pray, after pray Walking down to the mosque Walking down to the mosque ...
Mosque of Love;The Upstairs;2000s Indonesian Indie;5K1SqwbbzRfouB8mlpdVZ1;['indonesian indie', 'indonesian post-punk'];Sitting here in the mosque  Drawing with a bore Suddenly you come along  You call my name like a song Oh, I'm falling to the ground  I like the way you laughing  ...
Aku Lupa Aku Luka;Koil;2000s Indonesian Indie;3kBV8olpppGCIbhrh8TV6o;['classic indonesian rock', 'indonesian hardcore', 'indonesian indie', 'indonesian rock'];Dan keputusasaan menyakiti diriku sendiri Aku memacu seluruh waktu memburu jantungmu Dan semua yang kujalani dan harapkan ternyata membuat kecewa Pil pahit kegelapan akan mematikan rasa jiwa raga  Luka, luka, luka, luka Aku lupa luka, luka, luka, luka Luka, luka, luka, luka ...
Kenyataan Dalam Dunia Fantasi;Koil;2000s Indonesian Indie;2zvwxYin8bajogul1xrJR5;['classic indonesian rock', 'indonesian hardcore', 'indonesian indie', 'indonesian rock'];Nasionalisme Di negara ini kita hidup dan bekerja Di negara ini kita makan dan berbahagia Di tanah yang indah indah ini bersemilahcintamu yang abadi Di negara yang busuk ini kita tersenyum pergiKita membicarakan kenyataan dalam dunia yang tak ku mengertiKita membicarakan kepasrahan dalam spektrum yang hitam dan putih ...
Pop Kinetik;rumahsakit;2000s Indonesian Indie;4t1dsmkEqc1FtDNp0ezh6G;['indonesian indie', 'math rock'];Bunuh, bunuhlah aku Kalau kau bisa Silahkan saja  Serang, hantamlah saja Datang padaku Andai kau tahu  Akhirnya Baru kau mengerti Kalau ku bukan manusia biasa  ...
Funk The Hole;Sore;2000s Indonesian Indie;5MOsAfVwDEGSU8kfBBC8mX;['indonesian folk pop', 'indonesian indie', 'indonesian indie pop'];I would seek well I wanted you to seek and in between what's agitating to me and for now I told you so, and for now I'm all to glow  and so my doll, you were told to behold ...
Jalang;Efek Rumah Kaca;2000s Indonesian Indie;6qcvBgioxWYn1vPXJlKou3;['indonesian alternative rock', 'indonesian indie', 'indonesian indie rock'];Siapa yang berani bernyanyi Nanti akan dikebiri Siapa yang berani menari Nanti 'kan dieksekusi  Siapa yang berani bernyanyi Nanti akan dikebiri Siapa yang berani menari Nanti 'kan dieksekusi  Siapa yang berani bernyanyi Nanti akan dikebiri ...
Jikalau;The Adams;2000s Indonesian Indie;36YxF0N7WM32JmtXwEBM39;['indonesian alternative rock', 'indonesian indie', 'indonesian indie rock'];Jikalau telah datang Waktu yang dinanti Kupasti bahagiakan dirimu seorang Kuharap dikau sabar menunggu  Berilah aku waktu 'Tuk wujudkan semua Janji ini untukmu Ku 'tak akan lupa Kuharap dikau sabar menunggu  Untaian kata-kata Yang kuucapkan untukmu ...
Rocket Ship Goes By;Goodnight Electric;2000s Indonesian Indie;55kXXCCGYokhnIB1hm5qYB;['indonesian indie'];I remember when you said We have come from outside world Full of grass and only love Sleeping, eating so full of joy You are something new And suddenly appear  Am I caught in bigger picture or Am I trapped in paralyzed mind of you? When I listen to this song That's connected by its parts Stimulated trough the heart ...
Hidup Itu Indah;Naif;2000s Indonesian Indie;3XJDtP8dGjZ6RtNQ5AIWhv;['indonesian indie', 'indonesian pop', 'indonesian pop rock'];Saat kau buka mata kita dilahirkan untuk sama Saat kau telah dewasa kau kan mengerti semua Jalan hidup kita kan berbeda  Takdir itu telah ada sejak alam semesta tercipta Segala suka dan duka kan jadi sebuah cerita  Bagi anak cucu kita semua ...
Jamaica's Away;Souljah;2000s Indonesian Indie;2GEEAmaNtdLaMlqdMj0Dl1;['indonesian pop rock', 'indonesian reggae', 'indonesian ska'];Jamaica's away Away from the land that I am livin' Away from the beach that got me goin' Away from the sound that came out within  Jamaica's away And my love is somewhere between To seek love is never comin' And the music really got me missin'  Why, why do I love the music? Why does it make me dance it? Once it turns, once it plays And my feet start to sway  Why, why people think I'm crazy? Why do they say I'm losin' my way? It got me good, got my mood Not forgetting my root Ooh, it's in my ear Ooh, it's all that I hear ...
